time_s,x_m,y_m,theta_rad,linear_x_mps,linear_y_mps,angular_z_radps
0.937765408,-6.653986201854423e-05,1.3022142475449527e-08,-0.000782839987197549,0.0,0.0,-0.0
0.992584534,-6.653986201854423e-05,1.3022142475449527e-08,-0.000782839987197549,0.0,0.0,-0.0
1.046525599,-6.653986201854423e-05,1.3022142475449527e-08,-0.000782839987197549,0.0,0.0,-0.0
1.096567415,-6.653986201854423e-05,1.3022142475449527e-08,-0.000782839987197549,0.0,0.0,-0.0
1.148651485,-6.653986201854423e-05,1.3022142475449527e-08,-0.000782839987197549,0.0,0.0,-0.0
1.196740009,-6.653986201854423e-05,1.3022142475449527e-08,-0.000782839987197549,0.0,0.0,-0.0
1.244593291,-6.653986201854423e-05,1.3022142475449527e-08,-0.000782839987197549,0.0,0.0,-0.0
1.293606636,-6.653986201854423e-05,1.3022142475449527e-08,-0.000782839987197549,0.0,0.0,-0.0
1.346584361,-6.653986201854423e-05,1.3022142475449527e-08,-0.000782839987197549,0.0,0.0,-0.0
1.397571257,-6.653986201854423e-05,1.3022142475449527e-08,-0.000782839987197549,0.0,0.0,-0.0
1.447626591,-6.653986201854423e-05,1.3022142475449527e-08,-0.000782839987197549,0.0,0.0,-0.0
1.5025322,-6.653986201854423e-05,1.3022142475449527e-08,-0.000782839987197549,0.0,0.0,-0.0
1.557651291,-6.653986201854423e-05,1.3022142475449527e-08,-0.000782839987197549,0.0,0.0,-0.0
1.608601965,-6.653986201854423e-05,1.3022142475449527e-08,-0.000782839987197549,0.0,0.0,-0.0
1.661731136,-6.653986201854423e-05,1.3022142475449527e-08,-0.000782839987197549,0.0,0.0,-0.0
1.711447708,-6.653986201854423e-05,1.3022142475449527e-08,-0.000782839987197549,0.0,0.0,-0.0
1.767565789,-6.653986201854423e-05,1.3022142475449527e-08,-0.000782839987197549,0.0,0.0,-0.0
1.819557545,-6.653986201854423e-05,1.3022142475449527e-08,-0.000782839987197549,0.0,0.0,-0.0
1.871841006,-6.653986201854423e-05,1.3022142475449527e-08,-0.000782839987197549,0.0,0.0,-0.0
1.92769453,-6.653986201854423e-05,1.3022142475449527e-08,-0.000782839987197549,0.0,0.0,-0.0
1.98262114,-6.653986201854423e-05,1.3022142475449527e-08,-0.000782839987197549,0.0,0.0,-0.0
2.036561632,-6.653986201854423e-05,1.3022142475449527e-08,-0.000782839987197549,0.0,0.0,-0.0
2.084542119,-6.653986201854423e-05,1.3022142475449527e-08,-0.000782839987197549,0.0,0.0,-0.0
2.132603087,-6.653986201854423e-05,1.3022142475449527e-08,-0.000782839987197549,0.0,0.0,-0.0
2.18268407,-6.653986201854423e-05,1.3022142475449527e-08,-0.000782839987197549,0.0,0.0,-0.0
2.229549512,-6.653986201854423e-05,1.3022142475449527e-08,-0.000782839987197549,0.0,0.0,-0.0
2.276816827,-6.653986201854423e-05,1.3022142475449527e-08,-0.000782839987197549,0.0,0.0,-0.0
2.323753973,-6.653986201854423e-05,1.3022142475449527e-08,-0.000782839987197549,0.0,0.0,-0.0
2.373464769,-6.653986201854423e-05,1.3022142475449527e-08,-0.000782839987197549,0.0,0.0,-0.0
2.419427982,-6.653986201854423e-05,1.3022142475449527e-08,-0.000782839987197549,0.0,0.0,-0.0
2.469526373,-6.653986201854423e-05,1.3022142475449527e-08,-0.000782839987197549,0.0,0.0,-0.0
2.517612694,-6.653986201854423e-05,1.3022142475449527e-08,-0.000782839987197549,0.0,0.0,-0.0
2.564749637,-6.653986201854423e-05,1.3022142475449527e-08,-0.000782839987197549,0.0,0.0,-0.0
2.613799187,-6.653986201854423e-05,1.3022142475449527e-08,-0.000782839987197549,0.0,0.0,-0.0
2.661673377,-6.653986201854423e-05,1.3022142475449527e-08,-0.000782839987197549,0.0,0.0,-0.0
2.70856856,-6.653986201854423e-05,1.3022142475449527e-08,-0.000782839987197549,0.0,0.0,-0.0
2.758435227,-6.653986201854423e-05,1.3022142475449527e-08,-0.000782839987197549,0.0,0.0,-0.0
2.811665752,-6.653986201854423e-05,1.3022142475449527e-08,-0.000782839987197549,0.0,0.0,-0.0
2.861505345,-6.653986201854423e-05,1.3022142475449527e-08,-0.000782839987197549,0.0,0.0,-0.0
2.908637549,-6.653986201854423e-05,1.3022142475449527e-08,-0.000782839987197549,0.0,0.0,-0.0
2.956506276,-6.653986201854423e-05,1.3022142475449527e-08,-0.000782839987197549,0.0,0.0,-0.0
3.006737668,-6.653986201854423e-05,1.3022142475449527e-08,-0.000782839987197549,0.0,0.0,-0.0
3.050502737,-6.653986201854423e-05,1.3022142475449527e-08,-0.000782839987197549,0.0,0.0,-0.0
3.099729456,-6.653986201854423e-05,1.3022142475449527e-08,-0.000782839987197549,0.0,0.0,-0.0
3.147642091,-6.653986201854423e-05,1.3022142475449527e-08,-0.000782839987197549,0.0,0.0,-0.0
3.194834166,-6.653986201854423e-05,1.3022142475449527e-08,-0.000782839987197549,0.0,0.0,-0.0
3.252541963,-6.653986201854423e-05,1.3022142475449527e-08,-0.000782839987197549,0.0,0.0,-0.0
3.299579906,-6.653986201854423e-05,1.3022142475449527e-08,-0.000782839987197549,0.0,0.0,-0.0
3.347641969,-6.653986201854423e-05,1.3022142475449527e-08,-0.000782839987197549,0.0,0.0,-0.0
3.399550743,-6.653986201854423e-05,1.3022142475449527e-08,-0.000782839987197549,0.0,0.0,-0.0
3.451529315,-6.653986201854423e-05,1.3022142475449527e-08,-0.000782839987197549,0.0,0.0,-0.0
3.501678984,-6.653986201854423e-05,1.3022142475449527e-08,-0.000782839987197549,0.0,0.0,-0.0
3.547525271,-6.653986201854423e-05,1.3022142475449527e-08,-0.000782839987197549,0.0,0.0,-0.0
3.597616866,-6.653986201854423e-05,1.3022142475449527e-08,-0.000782839987197549,0.0,0.0,-0.0
3.652820201,-6.653986201854423e-05,1.3022142475449527e-08,-0.000782839987197549,0.0,0.0,-0.0
3.702636943,-6.653986201854423e-05,1.3022142475449527e-08,-0.000782839987197549,0.0,0.0,-0.0
3.74773941,-6.653986201854423e-05,1.3022142475449527e-08,-0.000782839987197549,0.0,0.0,-0.0
3.797767653,-6.653986201854423e-05,1.3022142475449527e-08,-0.000782839987197549,0.0,0.0,-0.0
3.850524916,-6.653986201854423e-05,1.3022142475449527e-08,-0.000782839987197549,0.0,0.0,-0.0
3.899677635,-6.653986201854423e-05,1.3022142475449527e-08,-0.000782839987197549,0.0,0.0,-0.0
3.947799569,-6.653986201854423e-05,1.3022142475449527e-08,-0.000782839987197549,0.0,0.0,-0.0
3.996842416,-6.653986201854423e-05,1.3022142475449527e-08,-0.000782839987197549,0.0,0.0,-0.0
4.049713236,-6.653986201854423e-05,1.3022142475449527e-08,-0.000782839987197549,0.0,0.0,-0.0
4.099508848,-6.653986201854423e-05,1.3022142475449527e-08,-0.000782839987197549,0.0,0.0,-0.0
4.148692085,-6.653986201854423e-05,1.3022142475449527e-08,-0.000782839987197549,0.0,0.0,-0.0
4.196677166,-6.653986201854423e-05,1.3022142475449527e-08,-0.000782839987197549,0.0,0.0,-0.0
4.251759649,-6.653986201854423e-05,1.3022142475449527e-08,-0.000782839987197549,0.0,0.0,-0.0
4.299586377,-6.653986201854423e-05,1.3022142475449527e-08,-0.000782839987197549,0.0,0.0,-0.0
4.347726144,-6.653986201854423e-05,1.3022142475449527e-08,-0.000782839987197549,0.0,0.0,-0.0
4.396746418,-6.653986201854423e-05,1.3022142475449527e-08,-0.000782839987197549,0.0,0.0,-0.0
4.444524275,-6.653986201854423e-05,1.3022142475449527e-08,-0.000782839987197549,0.0,0.0,-0.0
4.501730347,-6.653986201854423e-05,1.3022142475449527e-08,-0.000782839987197549,0.0,0.0,-0.0
4.550603157,-6.653986201854423e-05,1.3022142475449527e-08,-0.000782839987197549,0.0,0.0,-0.0
4.598845239,-6.653986201854423e-05,1.3022142475449527e-08,-0.000782839987197549,0.0,0.0,-0.0
4.646625634,-6.653986201854423e-05,1.3022142475449527e-08,-0.000782839987197549,0.0,0.0,-0.0
4.699685417,-6.653986201854423e-05,1.3022142475449527e-08,-0.000782839987197549,0.0,0.0,-0.0
4.747493608,-6.653986201854423e-05,1.3022142475449527e-08,-0.000782839987197549,0.0,0.0,-0.0
4.795680432,-6.653986201854423e-05,1.3022142475449527e-08,-0.000782839987197549,0.0,0.0,-0.0
4.844775206,-6.653986201854423e-05,1.3022142475449527e-08,-0.000782839987197549,0.0,0.0,-0.0
4.899528873,-6.653986201854423e-05,1.3022142475449527e-08,-0.000782839987197549,0.0,0.0,-0.0
4.948685574,-6.653986201854423e-05,1.3022142475449527e-08,-0.000782839987197549,0.0,0.0,-0.0
4.996694878,-6.653986201854423e-05,1.3022142475449527e-08,-0.000782839987197549,0.0,0.0,-0.0
5.042736705,-6.653986201854423e-05,1.3022142475449527e-08,-0.000782839987197549,0.0,0.0,-0.0
5.094892372,-6.653986201854423e-05,1.3022142475449527e-08,-0.000782839987197549,0.0,0.0,-0.0
5.138704943,-6.653986201854423e-05,1.3022142475449527e-08,-0.000782839987197549,0.0,0.0,-0.0
5.18772405,-6.653986201854423e-05,1.3022142475449527e-08,-0.000782839987197549,0.0,0.0,-0.0
5.237572867,-6.653986201854423e-05,1.3022142475449527e-08,-0.000782839987197549,0.0,0.0,-0.0
5.286727772,-6.653986201854423e-05,1.3022142475449527e-08,-0.000782839987197549,0.0,0.0,-0.0
5.331526979,-6.653986201854423e-05,1.3022142475449527e-08,-0.000782839987197549,0.0,0.0,-0.0
5.381513279,-6.653986201854423e-05,1.3022142475449527e-08,-0.000782839987197549,0.0,0.0,-0.0
5.427597236,-6.653986201854423e-05,1.3022142475449527e-08,-0.000782839987197549,0.0,0.0,-0.0
5.476483879,-6.653986201854423e-05,1.3022142475449527e-08,-0.000782839987197549,0.0,0.0,-0.0
5.531512215,-6.653986201854423e-05,1.3022142475449527e-08,-0.000782839987197549,0.0,0.0,-0.0
5.581536051,-6.653986201854423e-05,1.3022142475449527e-08,-0.000782839987197549,0.0,0.0,-0.0
5.627815065,-6.653986201854423e-05,1.3022142475449527e-08,-0.000782839987197549,0.0,0.0,-0.0
5.677654845,-6.653986201854423e-05,1.3022142475449527e-08,-0.000782839987197549,0.0,0.0,-0.0
5.731925934,-6.653986201854423e-05,1.3022142475449527e-08,-0.000782839987197549,0.0,0.0,-0.0
5.782618592,-6.653986201854423e-05,1.3022142475449527e-08,-0.000782839987197549,0.0,0.0,-0.0
5.829053107,-6.653986201854423e-05,1.3022142475449527e-08,-0.000782839987197549,0.0,0.0,-0.0
5.878752961,-6.653986201854423e-05,1.3022142475449527e-08,-0.000782839987197549,0.0,0.0,-0.0
5.932693123,-6.653986201854423e-05,1.3022142475449527e-08,-0.000782839987197549,0.0,0.0,-0.0
5.978756432,-6.653986201854423e-05,1.3022142475449527e-08,-0.000782839987197549,0.0,0.0,-0.0
6.027799318,-6.653986201854423e-05,1.3022142475449527e-08,-0.000782839987197549,0.0,0.0,-0.0
6.077757544,-6.653986201854423e-05,1.3022142475449527e-08,-0.000782839987197549,0.0,0.0,-0.0
6.134854321,-6.653986201854423e-05,1.3022142475449527e-08,-0.000782839987197549,0.0,0.0,-0.0
6.188763538,-6.653986201854423e-05,1.3022142475449527e-08,-0.000782839987197549,0.0,0.0,-0.0
6.237611738,-6.653986201854423e-05,1.3022142475449527e-08,-0.000782839987197549,0.0,0.0,-0.0
6.287573057,-6.653986201854423e-05,1.3022142475449527e-08,-0.000782839987197549,0.0,0.0,-0.0
6.341808721,-6.653986201854423e-05,1.3022142475449527e-08,-0.000782839987197549,0.0,0.0,-0.0
6.387906623,-6.653986201854423e-05,1.3022142475449527e-08,-0.000782839987197549,0.0,0.0,-0.0
6.438012646,-6.653986201854423e-05,1.3022142475449527e-08,-0.000782839987197549,0.0,0.0,-0.0
6.484783627,-6.653986201854423e-05,1.3022142475449527e-08,-0.000782839987197549,0.0,0.0,-0.0
6.532771061,-6.653986201854423e-05,1.3022142475449527e-08,-0.000782839987197549,0.0,0.0,-0.0
6.578790667,-6.653986201854423e-05,1.3022142475449527e-08,-0.000782839987197549,0.0,0.0,-0.0
6.62866317,-6.653986201854423e-05,1.3022142475449527e-08,-0.000782839987197549,0.0,0.0,-0.0
6.680064443,-6.653986201854423e-05,1.3022142475449527e-08,-0.000782839987197549,0.0,0.0,-0.0
6.732734281,-6.653986201854423e-05,1.3022142475449527e-08,-0.000782839987197549,0.0,0.0,-0.0
6.781658427,-6.653986201854423e-05,1.3022142475449527e-08,-0.000782839987197549,0.0,0.0,-0.0
6.828921523,-6.653986201854423e-05,1.3022142475449527e-08,-0.000782839987197549,0.0,0.0,-0.0
6.879737978,-6.653986201854423e-05,1.3022142475449527e-08,-0.000782839987197549,0.0,0.0,-0.0
6.938815955,-6.653986201854423e-05,1.3022142475449527e-08,-0.000782839987197549,0.0,0.0,-0.0
6.989914838,-6.653986201854423e-05,1.3022142475449527e-08,-0.000782839987197549,0.0,0.0,-0.0
7.040163437,-6.653986201854423e-05,1.3022142475449527e-08,-0.000782839987197549,0.0,0.0,-0.0
7.093932265,-6.653986201854423e-05,1.3022142475449527e-08,-0.000782839987197549,0.0,0.0,-0.0
7.149846479,-6.653986201854423e-05,1.3022142475449527e-08,-0.000782839987197549,0.0,0.0,-0.0
7.199969577,-6.653986201854423e-05,1.3022142475449527e-08,-0.000782839987197549,0.0,0.0,-0.0
7.252954233,-6.653986201854423e-05,1.3022142475449527e-08,-0.000782839987197549,0.0,0.0,-0.0
7.299858605,-6.653986201854423e-05,1.3022142475449527e-08,-0.000782839987197549,0.0,0.0,-0.0
7.351735864,-6.653986201854423e-05,1.3022142475449527e-08,-0.000782839987197549,0.0,0.0,-0.0
7.40487978,-6.653986201854423e-05,1.3022142475449527e-08,-0.000782839987197549,0.0,0.0,-0.0
7.454284614,-6.653986201854423e-05,1.3022142475449527e-08,-0.000782839987197549,0.0,0.0,-0.0
7.497787665,-6.653986201854423e-05,1.3022142475449527e-08,-0.000782839987197549,0.0,0.0,-0.0
7.558742192,-6.653986201854423e-05,1.3022142475449527e-08,-0.000782839987197549,0.0,0.0,-0.0
7.614982945,-6.653986201854423e-05,1.3022142475449527e-08,-0.000782839987197549,0.0,0.0,-0.0
7.669823059,-6.653986201854423e-05,1.3022142475449527e-08,-0.000782839987197549,0.0,0.0,-0.0
7.728738035,-6.653986201854423e-05,1.3022142475449527e-08,-0.000782839987197549,0.0,0.0,-0.0
7.781871229,-6.653986201854423e-05,1.3022142475449527e-08,-0.000782839987197549,0.0,0.0,-0.0
7.829836757,-6.653986201854423e-05,1.3022142475449527e-08,-0.000782839987197549,0.0,0.0,-0.0
7.879754707,-6.653986201854423e-05,1.3022142475449527e-08,-0.000782839987197549,0.0,0.0,-0.0
7.93286742,-6.653986201854423e-05,1.3022142475449527e-08,-0.000782839987197549,0.0,0.0,-0.0
7.988769208,-6.653986201854423e-05,1.3022142475449527e-08,-0.000782839987197549,0.0,0.0,-0.0
8.04087321,-6.653986201854423e-05,1.3022142475449527e-08,-0.000782839987197549,0.0,0.0,-0.0
8.094832763,-6.653986201854423e-05,1.3022142475449527e-08,-0.000782839987197549,0.0,0.0,-0.0
8.149954527,-6.653986201854423e-05,1.3022142475449527e-08,-0.000782839987197549,0.0,0.0,-0.0
8.207828811,-6.653986201854423e-05,1.3022142475449527e-08,-0.000782839987197549,0.0,0.0,-0.0
8.263835675,-6.653986201854423e-05,1.3022142475449527e-08,-0.000782839987197549,0.0,0.0,-0.0
8.317948858,-6.653986201854423e-05,1.3022142475449527e-08,-0.000782839987197549,0.0,0.0,-0.0
8.36688517,-6.653986201854423e-05,1.3022142475449527e-08,-0.000782839987197549,0.0,0.0,-0.0
8.424753325,-6.653986201854423e-05,1.3022142475449527e-08,-0.000782839987197549,0.0,0.0,-0.0
8.478850415,-6.653986201854423e-05,1.3022142475449527e-08,-0.000782839987197549,0.0,0.0,-0.0
8.528921736,-6.653986201854423e-05,1.3022142475449527e-08,-0.000782839987197549,0.0,0.0,-0.0
8.582946197,-6.653986201854423e-05,1.3022142475449527e-08,-0.000782839987197549,0.0,0.0,-0.0
8.639828381,-6.653986201854423e-05,1.3022142475449527e-08,-0.000782839987197549,0.0,0.0,-0.0
8.693852619,-6.653986201854423e-05,1.3022142475449527e-08,-0.000782839987197549,0.0,0.0,-0.0
8.750903305,-6.653986201854423e-05,1.3022142475449527e-08,-0.000782839987197549,0.0,0.0,-0.0
8.799925082,-6.653986201854423e-05,1.3022142475449527e-08,-0.000782839987197549,0.0,0.0,-0.0
8.853975654,-6.653986201854423e-05,1.3022142475449527e-08,-0.000782839987197549,0.0,0.0,-0.0
8.908962844,-6.653986201854423e-05,1.3022142475449527e-08,-0.000782839987197549,0.0,0.0,-0.0
8.958918017,-6.653986201854423e-05,1.3022142475449527e-08,-0.000782839987197549,0.0,0.0,-0.0
9.013961689,-6.653986201854423e-05,1.3022142475449527e-08,-0.000782839987197549,0.0,0.0,-0.0
9.073866841,-6.653986201854423e-05,1.3022142475449527e-08,-0.000782839987197549,0.0,0.0,-0.0
9.128861697,-6.653986201854423e-05,1.3022142475449527e-08,-0.000782839987197549,0.0,0.0,-0.0
9.182899677,-6.653986201854423e-05,1.3022142475449527e-08,-0.000782839987197549,0.0,0.0,-0.0
9.232844053,-6.653986201854423e-05,1.3022142475449527e-08,-0.000782839987197549,0.0,0.0,-0.0
9.288753065,-6.653986201854423e-05,1.3022142475449527e-08,-0.000782839987197549,0.0,0.0,-0.0
9.344748688,-6.653986201854423e-05,1.3022142475449527e-08,-0.000782839987197549,0.0,0.0,-0.0
9.394999715,-6.653986201854423e-05,1.3022142475449527e-08,-0.000782839987197549,0.0,0.0,-0.0
9.447786223,-6.653986201854423e-05,1.3022142475449527e-08,-0.000782839987197549,0.0,0.0,-0.0
9.504324054,-6.653986201854423e-05,1.3022142475449527e-08,-0.000782839987197549,0.0,0.0,-0.0
9.557794252,-6.653986201854423e-05,1.3022142475449527e-08,-0.000782839987197549,0.0,0.0,-0.0
9.607859777,-6.653986201854423e-05,1.3022142475449527e-08,-0.000782839987197549,0.0,0.0,-0.0
9.665893248,-6.653986201854423e-05,1.3022142475449527e-08,-0.000782839987197549,0.0,0.0,-0.0
9.718925498,-6.653986201854423e-05,1.3022142475449527e-08,-0.000782839987197549,0.0,0.0,-0.0
9.775842592,-6.653986201854423e-05,1.3022142475449527e-08,-0.000782839987197549,0.0,0.0,-0.0
9.829926276,-6.653986201854423e-05,1.3022142475449527e-08,-0.000782839987197549,0.0,0.0,-0.0
9.878901906,-6.653986201854423e-05,1.3022142475449527e-08,-0.000782839987197549,0.0,0.0,-0.0
9.934010116,-6.653986201854423e-05,1.3022142475449527e-08,-0.000782839987197549,0.0,0.0,-0.0
9.9808331,-6.653986201854423e-05,1.3022142475449527e-08,-0.000782839987197549,0.0,0.0,-0.0
10.028953075,-6.653986201854423e-05,1.3022142475449527e-08,-0.000782839987197549,0.0,0.0,-0.0
10.08502707,-6.653986201854423e-05,1.3022142475449527e-08,-0.000782839987197549,0.0,0.0,-0.0
10.142857874,-6.653986201854423e-05,1.3022142475449527e-08,-0.000782839987197549,0.0,0.0,-0.0
10.199970673,-6.653986201854423e-05,1.3022142475449527e-08,-0.000782839987197549,0.0,0.0,-0.0
10.257872663,-6.653986201854423e-05,1.3022142475449527e-08,-0.000782839987197549,0.0,0.0,-0.0
10.312936392,-6.653986201854423e-05,1.3022142475449527e-08,-0.000782839987197549,0.0,0.0,-0.0
10.364908265,-6.653986201854423e-05,1.3022142475449527e-08,-0.000782839987197549,0.0,0.0,-0.0
10.415038606,-6.653986201854423e-05,1.3022142475449527e-08,-0.000782839987197549,0.0,0.0,-0.0
10.4679038,-6.653986201854423e-05,1.3022142475449527e-08,-0.000782839987197549,0.0,0.0,-0.0
10.517830251,-6.653986201854423e-05,1.3022142475449527e-08,-0.000782839987197549,0.0,0.0,-0.0
10.574888957,-6.653986201854423e-05,1.3022142475449527e-08,-0.000782839987197549,0.0,0.0,-0.0
10.6210804,-6.653986201854423e-05,1.3022142475449527e-08,-0.000782839987197549,0.0,0.0,-0.0
10.677948771,-6.653986201854423e-05,1.3022142475449527e-08,-0.000782839987197549,0.0,0.0,-0.0
10.724968608,-6.653986201854423e-05,1.3022142475449527e-08,-0.000782839987197549,0.0,0.0,-0.0
10.780055078,-6.653986201854423e-05,1.3022142475449527e-08,-0.000782839987197549,0.0,0.0,-0.0
10.825783352,-6.653986201854423e-05,1.3022142475449527e-08,-0.000782839987197549,0.0,0.0,-0.0
10.879933575,-6.653986201854423e-05,1.3022142475449527e-08,-0.000782839987197549,0.0,0.0,-0.0
10.930975034,-6.653986201854423e-05,1.3022142475449527e-08,-0.000782839987197549,0.0,0.0,-0.0
10.990972818,-6.653986201854423e-05,1.3022142475449527e-08,-0.000782839987197549,0.0,0.0,-0.0
11.044009107,-6.653986201854423e-05,1.3022142475449527e-08,-0.000782839987197549,0.0,0.0,-0.0
11.093120645,-6.653986201854423e-05,1.3022142475449527e-08,-0.000782839987197549,0.0,0.0,-0.0
11.148133078,-6.653986201854423e-05,1.3022142475449527e-08,-0.000782839987197549,0.0,0.0,-0.0
11.203164677,-6.653986201854423e-05,1.3022142475449527e-08,-0.000782839987197549,0.0,0.0,-0.0
11.254086192,-6.653986201854423e-05,1.3022142475449527e-08,-0.000782839987197549,0.0,0.0,-0.0
11.302938524,-6.653986201854423e-05,1.3022142475449527e-08,-0.000782839987197549,0.0,0.0,-0.0
11.348957596,-6.653986201854423e-05,1.3022142475449527e-08,-0.000782839987197549,0.0,0.0,-0.0
11.404094104,-6.653986201854423e-05,1.3022142475449527e-08,-0.000782839987197549,0.0,0.0,-0.0
11.453865906,-6.653986201854423e-05,1.3022142475449527e-08,-0.000782839987197549,0.0,0.0,-0.0
11.501926511,-6.653986201854423e-05,1.3022142475449527e-08,-0.000782839987197549,0.0,0.0,-0.0
11.558074971,-6.653986201854423e-05,1.3022142475449527e-08,-0.000782839987197549,0.0,0.0,-0.0
11.612843328,-6.653986201854423e-05,1.3022142475449527e-08,-0.000782839987197549,0.0,0.0,-0.0
11.661984477,-6.653986201854423e-05,1.3022142475449527e-08,-0.000782839987197549,0.0,0.0,-0.0
11.709926322,-6.653986201854423e-05,1.3022142475449527e-08,-0.000782839987197549,0.0,0.0,-0.0
11.763156428,-6.653986201854423e-05,1.3022142475449527e-08,-0.000782839987197549,0.0,0.0,-0.0
11.824024496,-6.653986201854423e-05,1.3022142475449527e-08,-0.000782839987197549,0.0,0.0,-0.0
11.878992688,-6.653986201854423e-05,1.3022142475449527e-08,-0.000782839987197549,0.0,0.0,-0.0
11.931203713,-6.653986201854423e-05,1.3022142475449527e-08,-0.000782839987197549,0.0,0.0,-0.0
11.989974044,-6.653986201854423e-05,1.3022142475449527e-08,-0.000782839987197549,0.0,0.0,-0.0
12.043198668,-6.653986201854423e-05,1.3022142475449527e-08,-0.000782839987197549,0.0,0.0,-0.0
12.095005264,-6.653986201854423e-05,1.3022142475449527e-08,-0.000782839987197549,0.0,0.0,-0.0
12.147990108,-6.653986201854423e-05,1.3022142475449527e-08,-0.000782839987197549,0.0,0.0,-0.0
12.195082596,-6.653986201854423e-05,1.3022142475449527e-08,-0.000782839987197549,0.0,0.0,-0.0
12.246054,-6.653986201854423e-05,1.3022142475449527e-08,-0.000782839987197549,0.0,0.0,-0.0
12.293889419,-6.653986201854423e-05,1.3022142475449527e-08,-0.000782839987197549,0.0,0.0,-0.0
12.343146515,-6.653986201854423e-05,1.3022142475449527e-08,-0.000782839987197549,0.0,0.0,-0.0
12.399043973,-6.653986201854423e-05,1.3022142475449527e-08,-0.000782839987197549,0.0,0.0,-0.0
12.452130634,-6.653986201854423e-05,1.3022142475449527e-08,-0.000782839987197549,0.0,0.0,-0.0
12.500045164,-6.653986201854423e-05,1.3022142475449527e-08,-0.000782839987197549,0.0,0.0,-0.0
12.548233974,-6.653986201854423e-05,1.3022142475449527e-08,-0.000782839987197549,0.0,0.0,-0.0
12.595972004,-6.653986201854423e-05,1.3022142475449527e-08,-0.000782839987197549,0.0,0.0,-0.0
12.645207414,-6.653986201854423e-05,1.3022142475449527e-08,-0.000782839987197549,0.0,0.0,-0.0
12.695057551,-6.653986201854423e-05,1.3022142475449527e-08,-0.000782839987197549,0.0,0.0,-0.0
12.740036227,-6.653986201854423e-05,1.3022142475449527e-08,-0.000782839987197549,0.0,0.0,-0.0
12.79109567,-6.653986201854423e-05,1.3022142475449527e-08,-0.000782839987197549,0.0,0.0,-0.0
12.84309136,-6.653986201854423e-05,1.3022142475449527e-08,-0.000782839987197549,0.0,0.0,-0.0
12.893224444,-6.653986201854423e-05,1.3022142475449527e-08,-0.000782839987197549,0.0,0.0,-0.0
12.946210346,-6.653986201854423e-05,1.3022142475449527e-08,-0.000782839987197549,0.0,0.0,-0.0
12.996222596,-6.653986201854423e-05,1.3022142475449527e-08,-0.000782839987197549,0.0,0.0,-0.0
13.041991019,-6.653986201854423e-05,1.3022142475449527e-08,-0.000782839987197549,0.0,0.0,-0.0
13.090219941,-6.653986201854423e-05,1.3022142475449527e-08,-0.000782839987197549,0.0,0.0,-0.0
13.13997506,-6.653986201854423e-05,1.3022142475449527e-08,-0.000782839987197549,0.0,0.0,-0.0
13.188306872,-6.653986201854423e-05,1.3022142475449527e-08,-0.000782839987197549,0.0,0.0,-0.0
13.234064906,-6.653986201854423e-05,1.3022142475449527e-08,-0.000782839987197549,0.0,0.0,-0.0
13.285059607,-6.653986201854423e-05,1.3022142475449527e-08,-0.000782839987197549,0.0,0.0,-0.0
13.330031654,-6.653986201854423e-05,1.3022142475449527e-08,-0.000782839987197549,0.0,0.0,-0.0
13.38132308,-6.653986201854423e-05,1.3022142475449527e-08,-0.000782839987197549,0.0,0.0,-0.0
13.429012517,-6.653986201854423e-05,1.3022142475449527e-08,-0.000782839987197549,0.0,0.0,-0.0
13.485079589,0.005846346728503704,-3.3135245303128613e-06,-0.0038898797395144984,0.19013503193855286,0.0,-0.23140160739421844
13.531301441,0.016546431928873062,-9.693955507827923e-05,-0.015297993988883546,0.30601492524147034,0.0,-0.2709810137748718
13.582085085,0.03468088060617447,-0.0004346031928434968,-0.02258703801733457,0.3971431851387024,0.0,-0.11584154516458511
13.629460539,0.05221589282155037,-0.0008428671862930059,-0.023365693750723202,0.46088364720344543,0.0,0.0
13.680137293,0.07726265490055084,-0.0013935768511146307,-0.02109143350996817,0.5242655873298645,0.0,0.0
13.732056205,0.10472747683525085,-0.0019960731733590364,-0.023732852073319946,0.570351779460907,0.0,-0.0771266371011734
13.781287173,0.1281956136226654,-0.002569272881373763,-0.02564295008369121,0.5994466543197632,0.0,-0.03579855337738991
13.828141456,0.15289396047592163,-0.003226904198527336,-0.02719458902700704,0.627658486366272,0.0,0.038660936057567596
13.882013679,0.18480238318443298,-0.00407553231343627,-0.024526446418774116,0.6445720791816711,0.0,0.07737959921360016
13.934141668,0.21705152094364166,-0.0048416974022984505,-0.02259383290079018,0.6510883569717407,0.0,0.07737231999635696
13.979243272,0.24309700727462769,-0.005412554834038019,-0.020654657653728696,0.6537641882896423,0.0,0.03864990547299385
14.02799631,0.2757240831851959,-0.0060447282157838345,-0.017224527647031026,0.6518822908401489,0.0,0.07746665924787521
14.079133809,0.30818676948547363,-0.006557050161063671,-0.013413298294364159,0.6432461738586426,0.0,0.07722049951553345
14.133187515,0.3404011130332947,-0.006959184072911739,-0.010348921630720138,0.6443159580230713,0.0,0.07359406352043152
14.181191307,0.3662201166152954,-0.007176266051828861,-0.0060783161169066565,0.6477393507957458,0.0,0.03868252411484718
14.230169883,0.398342490196228,-0.007349812891334295,-0.005339237615479426,0.6422253251075745,0.0,0.0
14.285163985,0.4296625256538391,-0.007545669563114643,-0.008786535166434892,0.6135945916175842,0.0,-0.11580892652273178
14.334941938,0.4537421464920044,-0.007791949436068535,-0.010721086679158357,0.5944072008132935,0.0,0.03863535821437836
14.378241936,0.4819229245185852,-0.008089806884527206,-0.009175149993219566,0.5473043918609619,0.0,0.11566859483718872
14.429389677,0.5033009052276611,-0.00827164389193058,-0.008420570837208178,0.5293210744857788,0.0,-0.038678769022226334
14.478146048,0.53110271692276,-0.008534430526196957,-0.012183310379212511,0.5800574421882629,0.0,-0.14366751909255981
14.535214202,0.5593678951263428,-0.008932752534747124,-0.012575623299621608,0.5355955362319946,0.0,0.19328613579273224
14.587059114,0.5838308334350586,-0.009166162461042404,-0.005312653661949423,0.46790650486946106,0.0,0.15506425499916077
14.638220984,0.6065655946731567,-0.00924402941018343,-0.0018862078294069429,0.4408007264137268,0.0,0.0
14.684986915,0.6236055493354797,-0.009282618761062622,-0.004599564207367287,0.4175390303134918,0.0,-0.1160367801785469
14.734215716,0.6441538333892822,-0.009398878552019596,-0.004959685101207272,0.4030667543411255,0.0,0.03855252265930176
14.780035029,0.6596692800521851,-0.009461181238293648,-0.0022786340293702093,0.38126713037490845,0.0,0.07733618468046188
14.828178193,0.6747084259986877,-0.009478148072957993,5.197152497723835e-05,0.36818888783454895,0.0,0.0
14.875962354,0.6925675868988037,-0.009466532617807388,0.0011906772826545502,0.35527220368385315,0.0,0.0
14.925118451,0.7062793374061584,-0.009446458891034126,0.0019407200761515058,0.3356607258319855,0.0,0.0
14.972960002,0.722586989402771,-0.009403671137988567,0.0038532266331498624,0.3154526948928833,0.0,0.036744583398103714
15.021048091,0.7349139451980591,-0.00934319943189621,0.006179346686996663,0.2992095351219177,0.0,0.03868252411484718
15.069069291,0.7498425245285034,-0.009240510873496532,0.00811828725913527,0.29996824264526367,0.0,0.038780611008405685
15.118014239,0.7616758346557617,-0.009139887057244778,0.00925567678303831,0.29313933849334717,0.0,0.03630201518535614
15.173087323,0.7756776809692383,-0.009003852494060993,0.011193300191808132,0.2756253480911255,0.0,0.0772060677409172
15.219188416,0.786336362361908,-0.008877627551555634,0.013873118916508815,0.2595588266849518,0.0,0.1159607470035553
15.269120334,0.7988658547401428,-0.008699181489646435,0.016180316536287015,0.24310827255249023,0.0,0.07729993015527725
15.317949799,0.8106610178947449,-0.008497500792145729,0.018476629740952866,0.22786015272140503,0.0,0.03574270382523537
15.37523227,0.821861982345581,-0.008281907066702843,0.02080131499535284,0.22081425786018372,0.0,0.03877333924174309
15.429399348,0.8324280381202698,-0.008053180761635303,0.023130771000234793,0.2050866037607193,0.0,0.07783178985118866
15.476183391,0.8428215384483337,-0.007795206271111965,0.026901754077781684,0.21346114575862885,0.0,0.03863547369837761
15.525076671,0.8504637479782104,-0.0075874049216508865,0.02837756459864278,0.18412506580352783,0.0,0.06987670063972473
15.581025891,0.8593589663505554,-0.007324062753468752,0.03070369452049532,0.17160379886627197,0.0,0.0
15.630158655,0.8674741983413696,-0.0070646982640028,0.034127739450446976,0.1574266403913498,0.0,0.07716987282037735
15.676159525,0.8736493587493896,-0.006848565302789211,0.036433002567185235,0.15133382380008698,0.0,0.07740858197212219
15.725167436,0.8807414174079895,-0.00658789835870266,0.03681851974417462,0.13969378173351288,0.0,0.0
15.772165315,0.8863340020179749,-0.0063786800019443035,0.03836764819782419,0.1347077339887619,0.0,0.03865354508161545
15.819011303,0.8915520310401917,-0.006175341084599495,0.040281907755099586,0.13142219185829163,0.0,0.07730714976787567
15.867013189,0.8980255722999573,-0.005911985412240028,0.041803504794110234,0.124714694917202,0.0,0.035786114633083344
15.919194457,0.9027597308158875,-0.005710326135158539,0.04335383985416308,0.11840188503265381,0.0,0.0
15.970194994,0.9086316227912903,-0.005450757220387459,0.04526435735872833,0.11186593025922775,0.0,0.0
16.021168197,0.9140613079071045,-0.0052018966525793076,0.04678253415130282,0.10867762565612793,0.0,0.0387442409992218
16.069157675,0.9182419776916504,-0.005004200618714094,0.047947205828790834,0.09859432280063629,0.0,0.0
16.119086816,0.92314612865448,-0.004764605779200792,0.049429473507166435,0.09879784286022186,0.0,0.0
16.175162334,0.9277781248092651,-0.0045326948165893555,0.050563720838192446,0.09205584973096848,0.0,0.0
16.228164775,0.9320997595787048,-0.004311015363782644,0.05248084448787297,0.0825173556804657,0.0,0.03883171081542969
16.280082485,0.9360689520835876,-0.0041013360023498535,0.05360749165331119,0.0747881606221199,0.0,0.03519441932439804
16.326227191,0.93913334608078,-0.003935400862246752,0.0547702614618352,0.07553240656852722,0.0,0.03863547369837761
16.375203991,0.9426146745681763,-0.0037442801985889673,0.05515710068357517,0.06587758660316467,0.0,0.0
16.429216402,0.9459868669509888,-0.0035568198654800653,0.05590118814973727,0.06594566255807877,0.0,0.0
16.477142305,0.9486203789710999,-0.003407916286960244,0.05667414669507459,0.06586522608995438,0.0,0.0
16.52525321,0.9519263505935669,-0.003217158140614629,0.058195607127504996,0.05934552103281021,0.0,0.0
16.57930351,0.9548141956329346,-0.003047815291211009,0.05935647722617164,0.05598019063472748,0.0,0.038740601390600204
16.628318626,0.9564262628555298,-0.002952322829514742,0.05741407833861567,0.026313994079828262,0.0,-0.07739409804344177
16.68034217,0.9571383595466614,-0.0029130878392606974,0.05052641159288675,0.006611335556954145,0.0,-0.07778041809797287
16.731076428,0.9575234055519104,-0.002894301898777485,0.04599122629385285,0.006585904862731695,0.0,-0.0774812325835228
16.781257533,0.9576221108436584,-0.002889784285798669,0.044828533256465256,0.0,0.0,-0.0
16.838588006,0.9576221108436584,-0.002889784285798669,0.044828533256465256,0.0,0.0,-0.0
16.885317068,0.9579514265060425,-0.0028741525020450354,0.054135110276355806,0.016429312527179718,0.0,0.5025436282157898
16.934148035,0.9579219222068787,-0.0028829111251980066,0.1003039230011329,-0.0131311547011137,0.0,1.081389307975769
16.984185492,0.9579818248748779,-0.0028734076768159866,0.1511481093545774,0.006077321711927652,0.0,1.3584604263305664
17.039083798,0.958338737487793,-0.0028097457252442837,0.21745123700148042,0.006592090707272291,0.0,1.3184179067611694
17.087510725,0.9585572481155396,-0.0027569946832954884,0.2843841481653775,0.0,0.0,1.3147141933441162
17.142268438,0.9586174488067627,-0.0027385863941162825,0.35057021229113866,0.0,0.0,1.3982038497924805
17.196043052,0.9588285684585571,-0.002654259093105793,0.4200295504517833,0.006561892572790384,0.0,1.3895777463912964
17.24531117,0.9589177966117859,-0.0026114259380847216,0.47548914502497946,0.0032846336252987385,0.0,1.4297810792922974
17.296125743,0.9590302109718323,-0.00255191489122808,0.5480547315704083,0.0,0.0,1.4728344678878784
17.346272386,0.9590272307395935,-0.002551516517996788,0.622251310941557,0.0032938786316663027,0.0,1.511309266090393
17.40021013,0.9590301513671875,-0.002551072044298053,0.6960776086071113,0.0,0.0,1.4662284851074219
17.454382302,0.9591277241706848,-0.002462474163621664,0.7705145280792853,0.006575420964509249,0.0,1.469799280166626
17.51031732,0.9591289758682251,-0.0024654341395944357,0.8458441936413975,-0.0032907919958233833,0.0,1.5098927021026611
17.556363044,0.9591927528381348,-0.0023912275210022926,0.9217027150592532,0.0,0.0,1.4757431745529175
17.615344473,0.9591955542564392,-0.0023913488257676363,0.9931073875927662,-0.003144841408357024,0.0,1.3689311742782593
17.670216317,0.959248960018158,-0.002307853428646922,1.0579634927261183,0.0,0.0,1.2436667680740356
17.725233569,0.9592786431312561,-0.0022487947717309,1.1158794738556868,0.006610092241317034,0.0,1.088720679283142
17.775162174,0.9592930674552917,-0.002219308400526643,1.1666724720066428,0.0,0.0,0.9305605888366699
17.831308102,0.9593040347099304,-0.0021908211056143045,1.211283491447782,0.0,0.0,0.8517342209815979
17.886400929,0.959327220916748,-0.0021291899029165506,1.2508739775223805,0.0,0.0,0.7746670246124268
17.942369912,0.9593661427497864,-0.00200551375746727,1.2859908176922048,0.003287707921117544,0.0,0.657541811466217
17.990126593,0.9593743681907654,-0.0019738893024623394,1.3160023507850611,0.0032892487943172455,0.0,0.5804557204246521
18.048361944,0.9593905210494995,-0.0019097737967967987,1.3422377281183084,0.0,0.0,0.46738681197166443
18.100201562,0.9593902230262756,-0.0019098881166428328,1.3643086364540171,0.0,0.0,0.42161446809768677
18.15021776,0.9594171643257141,-0.0017808147240430117,1.3837090898575768,0.0,0.0,0.3106827735900879
18.203293925,0.9594398736953735,-0.0016534965252503753,1.4020969079095984,0.0032969729509204626,0.0,0.3490912914276123
18.259301019,0.959435224533081,-0.0016859929310157895,1.4184556244623403,-0.006574802566319704,0.0,0.3094024360179901
18.309183345,0.9594544768333435,-0.0015554613200947642,1.431641038041161,0.0032849404960870743,0.0,0.34781715273857117
18.355313848,0.9594588279724121,-0.001523005892522633,1.4450488685602463,0.0,0.0,0.2335832267999649
18.405419991,0.9594783186912537,-0.0013643427519127727,1.4545703329129474,0.003288324922323227,0.0,0.2708032429218292
18.461397511,0.9594780206680298,-0.0013667073799297214,1.4660238572890585,0.0030627907253801823,0.0,0.25222980976104736
18.519231062,0.9594945907592773,-0.001202410669066012,1.4809106421147007,0.0,0.0,0.28485727310180664
18.575182118,0.9595085382461548,-0.0010381549363955855,1.4890673188088135,0.006605736445635557,0.0,0.07771454751491547
18.630612874,0.9597938060760498,0.0027511322405189276,1.4989957001564067,0.14850328862667084,0.0,0.11647319048643112
18.684319858,0.9606970548629761,0.015581898391246796,1.501284760590792,0.3154723048210144,0.0,0.0
18.731413442,0.9616979360580444,0.030149882659316063,1.5047746253386338,0.39470991492271423,0.0,0.1547880619764328
18.781275862,0.9630813598632812,0.051906902343034744,1.5116946773331295,0.46369725465774536,0.0,0.1934489905834198
18.829330491,0.9645032286643982,0.07656678557395935,1.5143008342344404,0.512978732585907,0.0,0.0
18.880340863,0.9657186269760132,0.09816946089267731,1.5146900993561918,0.5592568516731262,0.0,0.0
18.930195505,0.967356264591217,0.12724469602108002,1.513913286620925,0.602045476436615,0.0,-0.03870434686541557
18.979320753,0.9691254496574402,0.15856221318244934,1.5146641778394134,0.6365633606910706,0.0,0.0
19.031448578,0.9705782532691956,0.18423746526241302,1.5142731117113837,0.6479213833808899,0.0,0.03869355469942093
19.085315601,0.9723740220069885,0.21650414168834686,1.5184201142919722,0.6405589580535889,0.0,0.14354267716407776
19.132402112,0.9739817976951599,0.24870097637176514,1.5246090739498581,0.6501755714416504,0.0,0.11648403853178024
19.190279201,0.9753975868225098,0.28126487135887146,1.5307312344976287,0.6509663462638855,0.0,0.07735777646303177
19.239185836,0.9766294956207275,0.3137797713279724,1.5360131219425253,0.6509053707122803,0.0,0.07735049724578857
19.294314072,0.9776206016540527,0.3458959758281708,1.5463635347366436,0.632876455783844,0.0,0.22115670144557953
19.351352285,0.9782748818397522,0.3777429163455963,1.554121177344922,0.640214204788208,0.0,0.07764875143766403
19.404397173,0.9788168668746948,0.40946438908576965,1.5513721053399716,0.6304918527603149,0.0,-0.11650586128234863
19.45443889,0.9794816970825195,0.4396326243877411,1.5448824697689554,0.5604855418205261,0.0,-0.15515178442001343
19.50730798,0.9801493883132935,0.4620654284954071,1.5327024856138025,0.39090782403945923,0.0,-0.34781724214553833
19.557266567,0.9808111786842346,0.4760008156299591,1.5028240716136942,0.32855549454689026,0.0,-0.9276860952377319
19.602237284,0.981767475605011,0.48757895827293396,1.4638784664274058,0.2756253480911255,0.0,-0.9264717698097229
19.655304413,0.9832983613014221,0.4997110366821289,1.4152086863485525,0.22998882830142975,0.0,-1.0049930810928345
19.71035363,0.985069751739502,0.5096414089202881,1.3597736477084155,0.18588656187057495,0.0,-1.128722906112671
19.761438337,0.9869191646575928,0.517424464225769,1.299731499936969,0.1383429318666458,0.0,-1.2400486469268799
19.810311824,0.9887973666191101,0.5235986709594727,1.236120879660042,0.11854628473520279,0.0,-1.3171809911727905
19.862453668,0.990285336971283,0.5276294946670532,1.1848316006695603,0.09990096837282181,0.0,-1.2487621307373047
19.915343889,0.9922414422035217,0.5321338772773743,1.1254952128030014,0.09822643548250198,0.0,-1.1556050777435303
19.964659176,0.9941529631614685,0.5359022617340088,1.0604135854182648,0.07567400485277176,0.0,-1.3547775745391846
20.012405877,0.9955487251281738,0.5382846593856812,1.005023725265134,0.06535016745328903,0.0,-1.4607685804367065
20.062222908,0.9970349669456482,0.5404961109161377,0.9340508684332698,0.0456194207072258,0.0,-1.3954174518585205
20.115271167,0.9984552264213562,0.5423074960708618,0.8628566042044018,0.04602792486548424,0.0,-1.3924413919448853
20.162386882,0.9996350407600403,0.5436097979545593,0.7900956649406199,0.03293260931968689,0.0,-1.472281575202942
20.21247673,1.0006349086761475,0.5445764064788818,0.7310763073628221,0.03287092596292496,0.0,-1.4695239067077637
20.261270031,1.0013341903686523,0.5451787710189819,0.6721223752094811,0.019698577001690865,0.0,-1.467737078666687
20.310463336,1.0022729635238647,0.5458820462226868,0.5961538508200054,0.02299027144908905,0.0,-1.5069254636764526
20.355414776,1.0028681755065918,0.5462672114372253,0.5349513136077113,0.01641087606549263,0.0,-1.5831668376922607
20.405417623,1.003617525100708,0.5466809272766113,0.4582649605694923,0.013171815313398838,0.0,-1.5496246814727783
20.460305432,1.004095196723938,0.5468977093696594,0.3821155918393759,0.009898356162011623,0.0,-1.5915008783340454
20.514429754,1.0046417713165283,0.5471000671386719,0.3041133944951237,0.009883491322398186,0.0,-1.5891108512878418
20.562455476,1.0049543380737305,0.5471856594085693,0.2271430990050252,0.009840083308517933,0.0,-1.5821311473846436
20.612418694,1.0052762031555176,0.547254741191864,0.1651694860335007,0.0032938786316663027,0.0,-1.511309266090393
20.657427042,1.0054696798324585,0.5472812056541443,0.10283829729596473,0.006564350798726082,0.0,-1.5445530414581299
20.705194613,1.0056973695755005,0.5473026633262634,0.02502488720838785,-0.003290482796728611,0.0,-1.5097509622573853
20.754532975,1.0059599876403809,0.5473014712333679,-0.037720094294818596,0.003045779187232256,0.0,-1.5408068895339966
20.803244128,1.0060232877731323,0.5472980737686157,-0.11541948505613833,0.0,0.0,-1.5488981008529663
20.851224369,1.0060869455337524,0.547289252281189,-0.17726416700521094,0.0,0.0,-1.541813611984253
20.900233747,1.0062190294265747,0.5472648739814758,-0.2551303507932875,-0.003056126181036234,0.0,-1.5460389852523804
20.949216106,1.0062817335128784,0.5472453236579895,-0.3178798679921379,0.006571107544004917,0.0,-1.5461434125900269
20.994215102,1.0063117742538452,0.5472365617752075,-0.39636923432948107,-0.0032858604099601507,0.0,-1.5849453210830688
21.043245462,1.0063366889953613,0.5472236275672913,-0.45913753560919895,0.0061069270595908165,0.0,-1.5806171894073486
21.091350444,1.0063375234603882,0.5472249388694763,-0.5373870832006186,-0.003290482796728611,0.0,-1.5871741771697998
21.138331677,1.0064195394515991,0.5471706986427307,-0.6004670234929779,0.009830898605287075,0.0,-1.5806541442871094
21.185393152,1.0064228773117065,0.5471708178520203,-0.6641167896576716,-0.0030066450126469135,0.0,-1.591753602027893
21.235350203,1.0064467191696167,0.5471476316452026,-0.7427145103548987,0.0032960427924990654,0.0,-1.5898568630218506
21.281366874,1.0064692497253418,0.5471277236938477,-0.8058263667332678,-0.0032852471340447664,0.0,-1.5846484899520874
21.329828507,1.0064691305160522,0.5471241474151611,-0.8847761121861445,0.0032778820022940636,0.0,-1.581096887588501
21.381507275,1.0064491033554077,0.547150194644928,-0.9463308920603557,0.0,0.0,-1.4700223207473755
21.426473216,1.006428599357605,0.54717618227005,-1.0186565031856276,0.006566809024661779,0.0,-1.390617847442627
21.476471249,1.0064133405685425,0.5472053289413452,-1.0755099252509375,-0.006581583991646767,0.0,-1.471177339553833
21.522268529,1.0064254999160767,0.5471770167350769,-1.1432187464663013,0.003289251122623682,0.0,-1.199608564376831
21.571542279,1.0064518451690674,0.5471165776252747,-1.1873650232615112,0.0,0.0,-1.0857559442520142
21.628350029,1.0064505338668823,0.5471110343933105,-1.2369530686133283,0.00658343406394124,0.0,-1.006878137588501
21.675488338,1.0064215660095215,0.5472017526626587,-1.280955846180003,-0.003296354552730918,0.0,-0.8143934607505798
21.725544593,1.0064491033554077,0.5471067428588867,-1.3124777735514384,0.0,0.0,-0.785660982131958
21.7794571,1.006433367729187,0.5471708178520203,-1.3457754110480635,0.0,0.0,-0.620315432548523
21.835736069,1.0064479112625122,0.5471104383468628,-1.3811168645232383,-0.006558830849826336,0.0,-0.5401389598846436
21.884670873,1.0064536333084106,0.5470756888389587,-1.4027818277936952,0.00656864931806922,0.0,-0.5409476161003113
21.931486217,1.0064544677734375,0.5470737814903259,-1.4257158032124815,-0.0030818842351436615,0.0,-0.47134703397750854
21.980481799,1.0064589977264404,0.5470411777496338,-1.4415899746025203,0.0,0.0,-0.38617435097694397
22.029322769,1.0064715147018433,0.5469431281089783,-1.4595263692766964,0.0,0.0,-0.30896836519241333
22.074498453,1.0064712762832642,0.5469431281089783,-1.4724827660813307,0.0,0.0,-0.3638525605201721
22.125682162,1.006474494934082,0.5469106435775757,-1.4837255480465257,0.0,0.0,-0.3100703954696655
22.180550232,1.0064795017242432,0.5468448400497437,-1.4982363030723664,0.00328432465903461,0.0,-0.27047380805015564
22.232449724,1.006484031677246,0.546779215335846,-1.506589179910216,0.0032726877834647894,0.0,-0.19251105189323425
22.286383731,1.0064893960952759,0.5466844439506531,-1.5161337290076589,0.006162145175039768,0.0,-0.21748746931552887
22.332597922,1.0064892768859863,0.5466843247413635,-1.5246468179975476,0.0,0.0,-0.15426775813102722
22.379356636,1.0064893960952759,0.5466841459274292,-1.5299370671109265,-0.003292025998234749,0.0,-0.116189144551754
22.439421318,1.0064897537231445,0.5466846823692322,-1.5361239960585862,-0.009860356338322163,0.0,-0.11600419133901596
22.486371163,1.0064949989318848,0.546519935131073,-1.5411662872649123,0.003289249259978533,0.0,-0.11609115451574326
22.532419408,1.006545066833496,0.5444783568382263,-1.550387199308014,0.10521653294563293,0.0,-0.23209527134895325
22.579528458,1.0066291093826294,0.5372192859649658,-1.5720314079587867,0.16057132184505463,0.0,-0.42407792806625366
22.633460836,1.0065497159957886,0.5275236368179321,-1.5855285778685666,0.21701350808143616,0.0,-0.1850072145462036
22.675410885,1.006377100944519,0.5176411867141724,-1.5917313350174715,0.2667291462421417,0.0,-0.11622180789709091
22.725481401,1.006105899810791,0.5059720277786255,-1.5974012804910924,0.30612969398498535,0.0,-0.11617828160524368
22.774375131,1.0056513547897339,0.4899286925792694,-1.6012379724783,0.33347275853157043,0.0,-0.07402290403842926
22.821431773,1.0052154064178467,0.47622695565223694,-1.6051131472162334,0.3517519235610962,0.0,-0.11602598428726196
22.876390752,1.0045597553253174,0.45794492959976196,-1.6085390795594168,0.371441513299942,0.0,-0.038671497255563736
22.925510298,1.0038597583770752,0.4395968019962311,-1.608540796924316,0.36908769607543945,0.0,0.07753939926624298
22.972483199,1.0032933950424194,0.42448124289512634,-1.608152603000992,0.38105300068855286,0.0,0.0
23.020484775,1.0025519132614136,0.4051392078399658,-1.6100334720931697,0.3916776180267334,0.0,-0.03872241824865341
23.070435253,1.0019443035125732,0.38969486951828003,-1.610779556322034,0.3824409544467926,0.0,-0.03845560923218727
23.124446891,1.0011885166168213,0.3707663118839264,-1.6111434980759365,0.3720912039279938,0.0,-0.03617800027132034
23.171488349,1.000459909439087,0.3525793254375458,-1.6099822214918689,0.35842740535736084,0.0,0.03868627920746803
23.220469191,0.9998974800109863,0.33826830983161926,-1.6099844589802002,0.3582931160926819,0.0,0.03867173194885254
23.271458381,0.9992110729217529,0.320729523897171,-1.6092414231327636,0.3470951020717621,0.0,0.03889019787311554
23.322519664,0.9985721707344055,0.30367177724838257,-1.606913781315669,0.338443785905838,0.0,0.03865718096494675
23.374650232,0.9980064630508423,0.2875841557979584,-1.6046294216860715,0.3154427707195282,0.0,0.0773143619298935
23.427476529,0.997592031955719,0.27513188123703003,-1.603108352895894,0.3125372529029846,0.0,0.03870434686541557
23.484497263,0.9970105290412903,0.25615376234054565,-1.600031128075868,0.31429529190063477,0.0,0.0
23.535460582,0.9966702461242676,0.24412322044372559,-1.5965399227474242,0.29255127906799316,0.0,0.11601495742797852
23.580531488,0.9963368773460388,0.2303996980190277,-1.593129296832076,0.26393139362335205,0.0,0.07762680947780609
23.627922689,0.9961140751838684,0.2201162874698639,-1.5912359336233082,0.25965604186058044,0.0,0.03866809234023094
23.676482972,0.9958685040473938,0.20773100852966309,-1.5897167740239513,0.23997117578983307,0.0,0.035736601799726486
23.724497603,0.9957024455070496,0.19838960468769073,-1.58662029466034,0.23059318959712982,0.0,0.077510304749012
23.772446641,0.9955406785011292,0.18725630640983582,-1.583542414302432,0.21749809384346008,0.0,0.07753939926624298
23.820546959,0.9954403042793274,0.17873401939868927,-1.5812472358452683,0.2097402811050415,0.0,0.035761360079050064
23.867373748,0.9953625202178955,0.1708626002073288,-1.5785324082313763,0.19359399378299713,0.0,0.11580903828144073
23.917384821,0.9953047633171082,0.1610756367444992,-1.5742970404890404,0.19077645242214203,0.0,0.0773940309882164
23.963395975,0.9952869415283203,0.1534457951784134,-1.5719691617780236,0.18918316066265106,0.0,0.0
24.011677127,0.9952866435050964,0.14432969689369202,-1.5692578497721748,0.17750301957130432,0.0,0.07734346389770508
24.059619499,0.9953008890151978,0.13755649328231812,-1.5669513041226473,0.16753192245960236,0.0,0.11593910306692123
24.114377532,0.9953420758247375,0.1293957233428955,-1.5638806419243763,0.1519748419523239,0.0,0.0777365192770958
24.16553765,0.9954038262367249,0.12174775451421738,-1.5607747288072802,0.15187476575374603,0.0,0.07768530398607254
24.212596997,0.9954653382301331,0.1159287616610527,-1.5592509689023222,0.14125239849090576,0.0,0.03864632919430733
24.262472346,0.9955569505691528,0.108929842710495,-1.556178600039776,0.14167670905590057,0.0,0.03876242786645889
24.325416791,0.995675265789032,0.10126828402280807,-1.5535128294474543,0.12459447979927063,0.0,0.07714828103780746
24.372450286,0.9957650303840637,0.09629210084676743,-1.5515728175164512,0.12182781845331192,0.0,0.038736965507268906
24.4205094,0.9958561658859253,0.0905827209353447,-1.5493036809844312,0.11197088658809662,0.0,0.0774884819984436
24.477666432,0.9960033893585205,0.08504492789506912,-1.547019234167904,0.10873883962631226,0.0,0.03876606374979019
24.530497747,0.9961362481117249,0.07974821329116821,-1.543954585762829,0.10528557747602463,0.0,0.07741585373878479
24.580499301,0.9962413907051086,0.07592367380857468,-1.5424039405549694,0.08223123103380203,0.0,0.03869704529643059
24.629440847,0.9963386058807373,0.07223830372095108,-1.5489634275307407,0.072547048330307,0.0,-0.15518082678318024
24.677482701,0.9963973760604858,0.06934433430433273,-1.5535452561872445,0.07220109552145004,0.0,-0.15444085001945496
24.73661997,0.9964648485183716,0.06507512927055359,-1.5570080800258146,0.07121474295854568,0.0,-0.03642697259783745
24.787440846,0.9965106844902039,0.06161566451191902,-1.5589449124682315,0.06582199782133102,0.0,-0.0774376168847084
24.836623801,0.996537983417511,0.05915594473481178,-1.561244816687181,0.05903499200940132,0.0,-0.07716993242502213
24.886459003,0.9965614676475525,0.05629827454686165,-1.564291461887484,0.05569281801581383,0.0,-0.038541726768016815
24.942418231,0.9965773224830627,0.053627755492925644,-1.5650943574428118,0.03963987156748772,0.0,0.035873204469680786
24.997505767,0.9965814352035522,0.05296960473060608,-1.5619922830681963,0.0,0.0,-0.0
25.054705412,0.9965814352035522,0.05296960473060608,-1.5619922830681963,0.0,0.0,-0.0
25.107557709,0.9965814352035522,0.05296960473060608,-1.5619922830681963,0.0,0.0,-0.0
25.169456889,0.9965814352035522,0.05296960473060608,-1.5619922830681963,0.0,0.0,-0.0
25.221603274,0.9965814352035522,0.05296960473060608,-1.5619922830681963,0.0,0.0,-0.0
25.269573258,0.9965814352035522,0.05296960473060608,-1.5619922830681963,0.0,0.0,-0.0
25.315484948,0.9965814352035522,0.05296960473060608,-1.5619922830681963,0.0,0.0,-0.0
25.372558333,0.9965811371803284,0.05300034582614899,-1.561630767973478,0.0,0.0,-0.0
25.420717077,0.9965811371803284,0.05300034582614899,-1.561630767973478,0.0,0.0,-0.0
25.468526727,0.9965808391571045,0.053033288568258286,-1.5612429711037492,-0.003294497961178422,0.0,0.03875879943370819
25.520639149,0.9965746402740479,0.053550805896520615,-1.5551538919634633,-0.013159463182091713,0.0,0.15481720864772797
25.573430835,0.9965708255767822,0.05378156155347824,-1.5524388441864627,0.0,0.0,-0.0
25.630648979,0.9965708255767822,0.05378156155347824,-1.5524388441864627,0.0,0.0,-0.0
25.678401332,0.9965769052505493,0.05345441401004791,-1.5509181544090738,0.016430849209427834,0.0,0.11598247289657593
25.732749215,0.996624231338501,0.05141029879450798,-1.5466843617163366,0.03614110127091408,0.0,-0.038653574883937836
25.781609576,0.9966619610786438,0.049858834594488144,-1.5466558749848707,0.03980933129787445,0.0,-0.03602652624249458
25.829573931,0.9966996312141418,0.048309944570064545,-1.5462670938164655,0.03942665457725525,0.0,0.0
25.881593279,0.9967475533485413,0.04669039323925972,-1.5271923188404541,0.032938793301582336,0.0,0.6200243234634399
25.933504663,0.9968106150627136,0.04561792314052582,-1.476451467559549,0.01313852984458208,0.0,1.0819965600967407
25.987685934,0.9968645572662354,0.04515986889600754,-1.419100264630792,0.009852973744273186,0.0,1.1205344200134277
26.037468043,0.9969375729560852,0.044742386788129807,-1.358845949660231,0.006563732400536537,0.0,1.2355268001556396
26.091565517,0.9969837069511414,0.044550538063049316,-1.29789541092395,0.0032846336252987385,0.0,1.2752101421356201
26.142539635,0.9970209002494812,0.044423818588256836,-1.2468203006180187,0.0,0.0,1.300927996635437
26.197671043,0.9970313906669617,0.044392626732587814,-1.1820521934556587,0.0,0.0,1.3094415664672852
26.252438485,0.9970421195030212,0.04436396434903145,-1.0982228377579537,-0.0032966663129627705,0.0,1.3574497699737549
26.309633982,0.9971053600311279,0.044248417019844055,-1.0254083188113414,0.0,0.0,1.4744950532913208
26.357549058,0.9971559047698975,0.044166821986436844,-0.9667260499031805,0.0,0.0,1.465680718421936
26.411753274,0.9972152709960938,0.04408770799636841,-0.8918811954940942,0.003284942824393511,0.0,1.5072076320648193
26.461713459,0.9969502687454224,0.04438575357198715,-0.8221860576548717,-0.01644008234143257,0.0,1.2765241861343384
26.517577001,0.9963368773460388,0.04501377046108246,-0.7569179118485927,-0.016511229798197746,0.0,1.3597486019134521
26.575686783,0.9959973096847534,0.045320186764001846,-0.6710443022389272,0.0,0.0,1.4732491970062256
26.631604715,0.995609700679779,0.04560849815607071,-0.5990566222014785,-0.009864053688943386,0.0,1.4312543869018555
26.6856253,0.9951109886169434,0.045929837971925735,-0.5276872415466393,-0.00987608078867197,0.0,1.4329994916915894
26.731552825,0.994739294052124,0.046135034412145615,-0.4708777582897802,-0.009863126091659069,0.0,1.4311203956604004
26.780629114,0.9943590760231018,0.04631408303976059,-0.3966073161895038,-0.009843763895332813,0.0,1.505516767501831
26.836876013,0.9939021468162537,0.046486444771289825,-0.32397956115111765,-0.012573731131851673,0.0,1.4052997827529907
26.890615355,0.9933663010597229,0.046649474650621414,-0.25225353183659377,-0.009875154122710228,0.0,1.432865023612976
26.941718919,0.9929263591766357,0.046750202775001526,-0.17895397608355723,-0.009857586584985256,0.0,1.5076310634613037
26.998551414,0.9925064444541931,0.04681398347020149,-0.10497949293712161,-0.009870526380836964,0.0,1.5096094608306885
27.050769931,0.9920881390571594,0.04684633016586304,-0.0315686477319784,-0.00656557735055685,0.0,1.4675997495651245
27.100628041,0.991560697555542,0.046851519495248795,0.0258384137971607,-0.013156995177268982,0.0,1.3930938243865967
27.147636593,0.9910383224487305,0.0468236580491066,0.09845547600121914,-0.00986497662961483,0.0,1.4313886165618896
27.19675555,0.9905240535736084,0.04676300287246704,0.15470197743770653,-0.009851128794252872,0.0,1.4293798208236694
27.251541844,0.9901350140571594,0.04669157415628433,0.22840096447720779,-0.006566809024661779,0.0,1.4678744077682495
27.301482177,0.9895696043968201,0.04654340818524361,0.30106478977792456,-0.009875154122710228,0.0,1.432865023612976
27.359650905,0.9890167713165283,0.04635652154684067,0.3736208689628685,-0.00987514853477478,0.0,1.5103172063827515
27.41367812,0.988569974899292,0.046165093779563904,0.44670739108209223,-0.009889066219329834,0.0,1.4348835945129395
27.46862249,0.9879072308540344,0.04581773653626442,0.5327685425201892,-0.009871448390185833,0.0,1.4323278665542603
27.517650761,0.9875144958496094,0.04557435214519501,0.59181852160415,-0.013149605132639408,0.0,1.4696615934371948
27.565736524,0.9870694875717163,0.045253269374370575,0.665258383024752,-0.013175520114600658,0.0,1.472557783126831
27.62372788,0.9865185618400574,0.044794563204050064,0.7364499300221826,-0.016441624611616135,0.0,1.4313886165618896
27.675732006,0.9862116575241089,0.0445016510784626,0.8110063802985324,-0.006164311897009611,0.0,1.5229471921920776
27.725663376,0.9859682321548462,0.04423324391245842,0.8710977539757248,-0.009871448390185833,0.0,1.5097509622573853
27.77366251,0.9856055974960327,0.043777454644441605,0.9406829579763308,-0.009875154122710228,0.0,1.3554129600524902
27.821545273,0.9853827953338623,0.04345986992120743,0.9939006313756081,-0.009093152359127998,0.0,1.3193989992141724
27.877665319,0.9850786328315735,0.042958006262779236,1.0691292576286737,-0.009318472817540169,0.0,1.1328339576721191
27.93070299,0.9848945140838623,0.042606908828020096,1.1126608200010568,-0.013175517320632935,0.0,1.0075396299362183
27.981832351,0.9847017526626587,0.0421970970928669,1.1598444105351273,-0.009860359132289886,0.0,0.8893654942512512
28.036725944,0.9845285415649414,0.04177892953157425,1.2019552119644166,-0.009892778471112251,0.0,0.8146994709968567
28.092625526,0.9843572378158569,0.041315123438835144,1.238789307652367,-0.009846526198089123,0.0,0.7336626648902893
28.146809113,0.9841970801353455,0.04082031175494194,1.2785959298894476,-0.013159463182091713,0.0,0.6192688345909119
28.195626697,0.9840797781944275,0.04041742533445358,1.3010588950349484,-0.013153298757970333,0.0,0.5416064262390137
28.244554598,0.9839474558830261,0.03991558402776718,1.324810644846616,-0.013265146873891354,0.0,0.39015138149261475
28.301534835,0.9837787747383118,0.039220768958330154,1.3439043462122908,-0.012189471162855625,0.0,0.35851386189460754
28.357594011,0.9836277961730957,0.03854428976774216,1.3613679992058527,-0.016520559787750244,0.0,0.34984710812568665
28.40868826,0.98348468542099,0.037844665348529816,1.3757688812305022,-0.019848961383104324,0.0,0.23351718485355377
28.460796277,0.9832876324653625,0.036821264773607254,1.388030156508445,-0.02303338050842285,0.0,0.27098095417022705
28.51562748,0.9831425547599792,0.03601577877998352,1.405932136010132,-0.009247276932001114,0.0,0.4714297950267792
28.563772189,0.983095645904541,0.0357234850525856,1.4210320712782092,-0.00986220221966505,0.0,0.3480777144432068
28.62282572,0.9829736351966858,0.0348878838121891,1.4325155113567964,-0.009878857061266899,0.0,0.1937030851840973
28.676813324,0.9828910231590271,0.03427647799253464,1.441327396547063,-0.013235135935246944,0.0,0.1557074934244156
28.730826337,0.9828131198883057,0.0336647666990757,1.4485821189460275,-0.00986497476696968,0.0,0.11605852842330933
28.780647799,0.9827577471733093,0.033206164836883545,1.4540166350656223,-0.009872374124825,0.0,0.11614558100700378
28.827777187,0.9827020764350891,0.03272248059511185,1.4597445503826931,-0.009854819625616074,0.0,0.11593905091285706
28.877646428,0.982655942440033,0.03230157867074013,1.4647260297341134,-0.013116434216499329,0.0,0.15431100130081177
28.933808938,0.9826053380966187,0.03181559965014458,1.4704743349142468,-0.009250526316463947,0.0,0.10882972925901413
28.987626968,0.9825662970542908,0.03142094612121582,1.4751401266179465,-0.0032901742961257696,0.0,0.03870793431997299
29.035693899,0.9825327396392822,0.031064877286553383,1.4793477844325864,-0.009860356338322163,0.0,0.11600419133901596
29.083674867,0.9824979901313782,0.0306785237044096,1.483911508054281,-0.0032889412250369787,0.0,0.03869342431426048
29.141655039,0.9824702739715576,0.030354592949151993,1.4877367276510265,-0.006123978178948164,0.0,0.07204680144786835
29.188514424,0.9824460744857788,0.03005903959274292,1.4912253059699425,-0.0065674204379320145,0.0,0.07726377248764038
29.235874332,0.9824333786964417,0.02989782765507698,1.4931276820543895,0.0,0.0,-0.0
29.285555202,0.9824257493019104,0.02979947440326214,1.4942882022457018,-0.00986497476696968,0.0,0.11605852842330933
29.333606577,0.9823914766311646,0.02933911606669426,1.499719349211317,-0.006578498519957066,0.0,0.07739410549402237
29.386758972,0.982377827167511,0.029145490378141403,1.50200281727865,0.0,0.0,-0.0
29.435717651,0.982377827167511,0.029145490378141403,1.50200281727865,0.0,0.0,-0.0
29.48574856,0.9823691248893738,0.02901848778128624,1.5035005477115486,-0.0061261155642569065,0.0,0.07207194715738297
29.538652472,0.9823411107063293,0.028590887784957886,1.5085418741157564,0.0,0.0,-0.0
29.588831493,0.982547402381897,0.03189398720860481,1.50892959566131,0.14771169424057007,0.0,0.038617465645074844
29.633706271,0.9833334684371948,0.04490048438310623,1.5100919912122452,0.3158271312713623,0.0,-0.07740869373083115
29.683804829,0.9842187762260437,0.059087999165058136,1.5062184017823324,0.3814099431037903,0.0,-0.07736504822969437
29.738741349,0.9856122732162476,0.07999195903539658,1.5012032551213892,0.4427624046802521,0.0,-0.11575495451688766
29.787709399,0.9873635768890381,0.10412035137414932,1.4958156838084067,0.5167027115821838,0.0,-0.03871866315603256
29.836999988,0.9887829422950745,0.12278392910957336,1.4942661036421876,0.4141349792480469,0.0,0.0
29.88473688,0.9899745583534241,0.1382674127817154,1.4954587977360179,0.26617977023124695,0.0,0.11598245799541473
29.940733464,0.9908490180969238,0.15016694366931915,1.500020734953198,0.22050370275974274,0.0,0.038718897849321365
29.987694055,0.9914187788963318,0.15835615992546082,1.5042144513851017,0.19300635159015656,0.0,0.10812674462795258
30.03392364,0.9919564127922058,0.166762113571167,1.5111837974666076,0.1475047618150711,0.0,0.11569000780582428
30.083691733,0.9922649264335632,0.1720525175333023,1.5149801545288502,0.12478099763393402,0.0,0.0772637352347374
30.141652183,0.9930079579353333,0.18533559143543243,1.5138642520110512,0.321924090385437,0.0,0.0
30.188670329,0.9939016699790955,0.2007426768541336,1.5115356145569327,0.4168752133846283,0.0,-0.03861752524971962
30.235907774,0.9949665665626526,0.21840634942054749,1.508867588852656,0.4627434313297272,0.0,-0.038610249757766724
30.282802234,0.9962176084518433,0.2384982854127884,1.5100035969594214,0.3354719877243042,0.0,0.07738699018955231
30.332668531,0.9969755411148071,0.25125446915626526,1.5145614824451548,0.222305566072464,0.0,0.1452978253364563
30.377619014,0.997430145740509,0.2595647871494293,1.5188190130088441,0.19698575139045715,0.0,0.07724924385547638
30.425730372,0.99778813123703,0.26665785908699036,1.5222390688966345,0.16784609854221344,0.0,0.03871883824467659
30.477863501,0.9981634020805359,0.2735637128353119,1.4903275222208225,0.11846677958965302,0.0,-1.2507803440093994
30.527801892,0.9987860918045044,0.27932149171829224,1.4221816058109613,0.11177163571119308,0.0,-1.3149603605270386
30.580720397,0.9994832277297974,0.2834504246711731,1.3713628761325525,0.09845603257417679,0.0,-1.2355268001556396
30.625645528,1.0005288124084473,0.288067102432251,1.311073293994869,0.08548843115568161,0.0,-1.2378416061401367
30.677756249,1.001516342163086,0.2914440929889679,1.243727930990887,0.06194772571325302,0.0,-1.384713888168335
30.731676095,1.002435326576233,0.29398804903030396,1.191719140529993,0.06587758660316467,0.0,-1.2400486469268799
30.787820181,1.0038336515426636,0.29721471667289734,1.1127256840378763,0.049580346792936325,0.0,-1.3610291481018066
30.835663167,1.0045602321624756,0.2986149787902832,1.0533731130537176,0.0360904261469841,0.0,-1.5053759813308716
30.882879871,1.0054168701171875,0.3000237047672272,0.9777717607167504,0.0298694409430027,0.0,-1.4759018421173096
30.93176344,1.0061204433441162,0.3010194003582001,0.9184506780335752,0.032960448414087296,0.0,-1.473525881767273
30.978693531,1.0067615509033203,0.3018210828304291,0.8586045884677429,0.02296663634479046,0.0,-1.5053759813308716
31.027644303,1.0075092315673828,0.3026370406150818,0.7827708809721751,0.021865002810955048,0.0,-1.5066641569137573
31.075690976,1.008059024810791,0.30315858125686646,0.7226895275096291,0.01972995325922966,0.0,-1.4700747728347778
31.122689531,1.0086047649383545,0.303615003824234,0.6457242634924201,0.009874226525425911,0.0,-1.5101757049560547
31.173801097,1.0091625452041626,0.3040105700492859,0.5687477499881141,0.013111532665789127,0.0,-1.5425336360931396
31.218730895,1.0094720125198364,0.3041987121105194,0.5071438416132018,0.009882568381726742,0.0,-1.511451244354248
31.267714409,1.0097838640213013,0.3043639361858368,0.44589388535911867,0.006590849254280329,0.0,-1.5507886409759521
31.313708474,1.0101679563522339,0.304533451795578,0.3697800962294157,0.006572339218109846,0.0,-1.4691112041473389
31.363803274,1.0104154348373413,0.30462566018104553,0.3092564363695498,0.0,0.0,-1.5465776920318604
31.421760947,1.0106375217437744,0.3046867549419403,0.21453799594814307,0.0032972844783216715,0.0,-1.5904542207717896
31.475978537,1.010892629623413,0.3047356903553009,0.1364331108034464,0.00329171447083354,0.0,-1.5877693891525269
31.524010691,1.0110208988189697,0.30474984645843506,0.07426263714595083,0.0029925431590527296,0.0,-1.5138765573501587
31.570679891,1.0111523866653442,0.30475759506225586,0.012181436453773054,0.003290482796728611,0.0,-1.5871741771697998
31.625845266,1.0113153457641602,0.30475088953971863,-0.0810893667791475,0.003283092984929681,0.0,-1.506361722946167
31.674805742,1.0113455057144165,0.30474746227264404,-0.14449548509487878,0.0,0.0,-1.549479365348816
31.724779948,1.0114428997039795,0.3047296106815338,-0.22324237525909105,0.006598284002393484,0.0,-1.5525376796722412
31.771840966,1.0115065574645996,0.3047125041484833,-0.2864621438200706,0.003280026139691472,0.0,-1.582131266593933
31.829770751,1.011566400527954,0.30469173192977905,-0.36488061716312997,0.0032932604663074017,0.0,-1.5885143280029297
31.877806814,1.011568307876587,0.30469200015068054,-0.44321446604043946,-0.0031397801358252764,0.0,-1.5883585214614868
31.922814761,1.0115972757339478,0.3046770393848419,-0.5064188954268185,0.0032883237581700087,0.0,-1.5861332416534424
31.970620896,1.011600136756897,0.3046765923500061,-0.5856419845987771,0.0,0.0,-1.6257332563400269
32.017749304,1.0116298198699951,0.3046568036079407,-0.6478965806684778,-0.0030775582417845726,0.0,-1.5568838119506836
32.06771777,1.0116044282913208,0.3046780526638031,-0.7273924906080013,-0.00329666119068861,0.0,-1.5901553630828857
32.116872081,1.011602759361267,0.3046801686286926,-0.7905002125954815,0.0,0.0,-1.6277167797088623
32.163880377,1.011559247970581,0.30472615361213684,-0.8528691544687067,-0.003044727025553584,0.0,-1.5402722358703613
32.216903625,1.0115396976470947,0.30475255846977234,-0.9309103861377743,-0.0032901738304644823,0.0,-1.5096094608306885
32.266624219,1.0115023851394653,0.30480700731277466,-1.00881156911573,0.0,0.0,-1.5523918867111206
32.315893291,1.0114206075668335,0.3049473762512207,-1.0871186928301357,-0.006576034240424633,0.0,-1.5473018884658813
32.367020062,1.0113487243652344,0.30509310960769653,-1.1498852868762062,-0.003024003002792597,0.0,-1.5297887325286865
32.422869868,1.0112749338150024,0.3052787482738495,-1.2305339617817554,-0.0033203670755028725,0.0,-1.2109566926956177
32.468772822,1.0112229585647583,0.3054339289665222,-1.2715401885143238,-0.003321307012811303,0.0,-0.8987067937850952
32.517646224,1.0111955404281616,0.30552977323532104,-1.301664313779713,-0.006635081954300404,0.0,-0.7025380730628967
32.561812517,1.0111703872680664,0.3056235611438751,-1.326562835666875,0.0,0.0,-0.39111217856407166
32.610825902,1.0111488103866577,0.3057139813899994,-1.3385713697802095,-0.00929626077413559,0.0,-0.18227961659431458
32.658969576,1.0111331939697266,0.3057788610458374,-1.3448312633866975,0.0033194231800734997,0.0,-0.03905203565955162
32.705669444,1.0111331939697266,0.3057788610458374,-1.3448312633866975,0.0,0.0,-0.0
32.758769637,1.0111331939697266,0.3057788610458374,-1.3448312633866975,0.0,0.0,-0.0
32.810642488,1.0111331939697266,0.3057788610458374,-1.3448312633866975,0.0,0.0,-0.0
32.86787238,1.0111331939697266,0.3057788610458374,-1.3448312633866975,0.0,0.0,-0.0
32.913736519,1.0111331939697266,0.3057788610458374,-1.3448312633866975,0.0,0.0,-0.0
32.962954239,1.0111331939697266,0.3057788610458374,-1.3448312633866975,0.0,0.0,-0.0
33.012928317,1.0111331939697266,0.3057788610458374,-1.3448312633866975,0.0,0.0,-0.0
33.066768979,1.0111331939697266,0.3057788610458374,-1.3448312633866975,0.0,0.0,-0.0
33.117281987,1.0111331939697266,0.3057788610458374,-1.3448312633866975,0.0,0.0,-0.0
33.172318417,1.0111331939697266,0.3057788610458374,-1.3448312633866975,0.0,0.0,-0.0
33.2219794,1.0111331939697266,0.3057788610458374,-1.3448312633866975,0.0,0.0,-0.0
33.27688783,1.0111331939697266,0.3057788610458374,-1.3448312633866975,0.0,0.0,-0.0
33.330761622,1.0111331939697266,0.3057788610458374,-1.3448312633866975,0.0,0.0,-0.0
33.378154477,1.0111331939697266,0.3057788610458374,-1.3448312633866975,0.0,0.0,-0.0
33.425930075,1.0111331939697266,0.3057788610458374,-1.3448312633866975,0.0,0.0,-0.0
33.476980309,1.0111331939697266,0.3057788610458374,-1.3448312633866975,0.0,0.0,-0.0
33.524788481,1.0111331939697266,0.3057788610458374,-1.3448312633866975,0.0,0.0,-0.0
33.570693121,1.0111331939697266,0.3057788610458374,-1.3448312633866975,0.0,0.0,-0.0
33.619966083,1.0111331939697266,0.3057788610458374,-1.3448312633866975,0.0,0.0,-0.0
33.670994705,1.0111331939697266,0.3057788610458374,-1.3448312633866975,0.0,0.0,-0.0
33.721962327,1.0111331939697266,0.3057788610458374,-1.3448312633866975,0.0,0.0,-0.0
33.773088674,1.0111331939697266,0.3057788610458374,-1.3448312633866975,0.0,0.0,-0.0
33.821839595,1.0111331939697266,0.3057788610458374,-1.3448312633866975,0.0,0.0,-0.0
33.878993486,1.0111331939697266,0.3057788610458374,-1.3448312633866975,0.0,0.0,-0.0
33.93195705,1.0111331939697266,0.3057788610458374,-1.3448312633866975,0.0,0.0,-0.0
33.980909194,1.0111331939697266,0.3057788610458374,-1.3448312633866975,0.0,0.0,-0.0
34.037783343,1.0111331939697266,0.3057788610458374,-1.3448312633866975,0.0,0.0,-0.0
34.092806626,1.0111331939697266,0.3057788610458374,-1.3448312633866975,0.0,0.0,-0.0
34.140985209,1.0111331939697266,0.3057788610458374,-1.3448312633866975,0.0,0.0,-0.0
34.188974032,1.0111331939697266,0.3057788610458374,-1.3448312633866975,0.0,0.0,-0.0
34.237878047,1.0111331939697266,0.3057788610458374,-1.3448312633866975,0.0,0.0,-0.0
34.293074423,1.0111331939697266,0.3057788610458374,-1.3448312633866975,0.0,0.0,-0.0
34.341956901,1.0111331939697266,0.3057788610458374,-1.3448312633866975,0.0,0.0,-0.0
34.389032883,1.0111331939697266,0.3057788610458374,-1.3448312633866975,0.0,0.0,-0.0
34.444091518,1.0111331939697266,0.3057788610458374,-1.3448312633866975,0.0,0.0,-0.0
34.50181147,1.0111331939697266,0.3057788610458374,-1.3448312633866975,0.0,0.0,-0.0
34.549055065,1.0111331939697266,0.3057788610458374,-1.3448312633866975,0.0,0.0,-0.0
34.603856068,1.0111331939697266,0.3057788610458374,-1.3448312633866975,0.0,0.0,-0.0
34.652010947,1.0111331939697266,0.3057788610458374,-1.3448312633866975,0.0,0.0,-0.0
34.709018412,1.0111331939697266,0.3057788610458374,-1.3448312633866975,0.0,0.0,-0.0
34.762959261,1.0111331939697266,0.3057788610458374,-1.3448312633866975,0.0,0.0,-0.0
34.811871424,1.0111331939697266,0.3057788610458374,-1.3448312633866975,0.0,0.0,-0.0
34.860733217,1.0111331939697266,0.3057788610458374,-1.3448312633866975,0.0,0.0,-0.0
34.918747653,1.0111331939697266,0.3057788610458374,-1.3448312633866975,0.0,0.0,-0.0
34.972027034,1.0111331939697266,0.3057788610458374,-1.3448312633866975,0.0,0.0,-0.0
35.022216819,1.0111331939697266,0.3057788610458374,-1.3448312633866975,0.0,0.0,-0.0
35.069001892,1.0111331939697266,0.3057788610458374,-1.3448312633866975,0.0,0.0,-0.0
35.126878919,1.0111331939697266,0.3057788610458374,-1.3448312633866975,0.0,0.0,-0.0
35.173016099,1.0111331939697266,0.3057788610458374,-1.3448312633866975,0.0,0.0,-0.0
35.219924396,1.0111331939697266,0.3057788610458374,-1.3448312633866975,0.0,0.0,-0.0
35.268932782,1.0111331939697266,0.3057788610458374,-1.3448312633866975,0.0,0.0,-0.0
35.332807003,1.0111331939697266,0.3057788610458374,-1.3448312633866975,0.0,0.0,-0.0
35.37773021,1.0111331939697266,0.3057788610458374,-1.3448312633866975,0.0,0.0,-0.0
35.430956869,1.0111331939697266,0.3057788610458374,-1.3448312633866975,0.0,0.0,-0.0
35.483819544,1.0111331939697266,0.3057788610458374,-1.3448312633866975,0.0,0.0,-0.0
35.54192985,1.0111331939697266,0.3057788610458374,-1.3448312633866975,0.0,0.0,-0.0
35.588813462,1.0111331939697266,0.3057788610458374,-1.3448312633866975,0.0,0.0,-0.0
35.642837386,1.0111331939697266,0.3057788610458374,-1.3448312633866975,0.0,0.0,-0.0
35.692949373,1.0111331939697266,0.3057788610458374,-1.3448312633866975,0.0,0.0,-0.0
35.750969587,1.0111331939697266,0.3057788610458374,-1.3448312633866975,0.0,0.0,-0.0
35.802848496,1.0111331939697266,0.3057788610458374,-1.3448312633866975,0.0,0.0,-0.0
